SEQ,FILTER,COUNTY,JURISDICTION,HU_1990,HU_1991,HU_1992,HU_1993,HU_1994,HU_1995,HU_1996,HU_1997,HU_1998,HU_1999,HU_2000,HU_2001,HU_2002,HU_2003,HU_2004,HU_2005,HU_2006,HU_2007,HU_2008,HU_2009,HU_2010,HU_2011,HU_2012,HU_2013,HU_2014
1,1,Adams,Adams County,5263,5324,5404,5504,5656,5811,5921,6084,6107,6192,5773,5849,5924,6013,6157,6210,6222,6296,6367,6420,6242,6277,6327,6380,6423
2,2,Adams,Unincorporated Adams County,2361,2423,2501,2575,2683,2785,2890,2987,2991,3065,2561,2614,2675,2727,2780,2809,2847,2890,2921,2951,2713,2731,2755,2781,2798
3,3,Adams,Incorporated Adams County,2902,2901,2903,2929,2973,3026,3031,3097,3116,3127,3212,3235,3249,3286,3377,3401,3375,3406,3446,3469,3529,3546,3572,3599,3625
4,4,Adams,Hatton,29,32,32,32,32,33,36,36,36,36,35,39,35,35,35,38,38,38,38,38,40,40,41,41,41
5,4,Adams,Lind,243,239,246,241,242,242,244,246,247,249,307,307,306,306,305,305,305,305,305,304,276,275,274,274,272
6,4,Adams,Othello,1637,1637,1633,1660,1697,1748,1742,1792,1806,1810,1864,1879,1900,1939,2033,2054,2024,2057,2106,2133,2185,2203,2230,2257,2287
7,4,Adams,Ritzville,883,884,885,890,894,894,898,904,906,909,873,877,878,877,876,875,874,873,876,874,902,903,902,902,900
8,4,Adams,Washtucna,110,109,107,106,108,109,111,119,121,123,133,133,130,129,128,129,134,133,121,120,126,125,125,125,125
9,1,Asotin,Asotin County,7519,7566,7668,7794,8033,8166,8465,8620,8752,8877,9111,9182,9229,9294,9367,9476,9604,9744,9850,9922,9872,9901,9922,9937,9969
10,2,Asotin,Unincorporated Asotin County,4064,4132,4207,4338,4517,4691,4948,5072,5168,5262,5257,5311,5370,5436,5500,5599,5725,5854,5943,6002,5924,5954,5973,5992,6024
11,3,Asotin,Incorporated Asotin County,3455,3434,3461,3456,3516,3475,3517,3548,3584,3615,3854,3871,3859,3858,3867,3877,3879,3890,3907,3920,3948,3947,3949,3945,3945
12,4,Asotin,Asotin,412,406,411,402,406,419,423,423,426,424,440,441,447,449,452,457,473,478,493,503,537,538,539,542,542
13,4,Asotin,Clarkston,3043,3028,3050,3054,3110,3056,3094,3125,3158,3191,3414,3430,3412,3409,3415,3420,3406,3412,3414,3417,3411,3409,3410,3403,3403
14,1,Benton,Benton County,44877,45490,46314,47464,49205,51299,53074,54345,55223,55985,55963,56952,58167,59748,61195,62740,64063,64931,65892,66602,68618,69733,70882,71955,73186
15,2,Benton,Unincorporated Benton County,9887,10145,10438,10860,11202,11703,11890,12238,12511,12820,11502,11588,11790,12102,12444,12597,12647,12888,12091,12087,11646,11775,11905,11986,12131
16,3,Benton,Incorporated Benton County,34990,35345,35876,36604,38003,39596,41184,42107,42712,43165,44461,45364,46377,47646,48751,50143,51416,52043,53801,54515,56972,57958,58977,59969,61055
17,4,Benton,Benton City,682,702,728,745,795,803,804,813,832,835,1043,1060,1103,1148,1149,1160,1157,1164,1141,1172,1162,1241,1263,1239,1245
18,4,Benton,Kennewick,17207,17484,17809,18109,18698,19279,20209,20680,20944,21148,22068,22465,22821,23396,23661,24398,25229,25433,26638,26945,28507,28745,29030,29460,29924
19,4,Benton,Prosser,1665,1644,1645,1684,1709,1781,1812,1831,1851,1863,1800,1810,1829,1848,1878,1896,1906,1918,1891,1898,2129,2134,2138,2149,2152
20,4,Benton,Richland,13872,13939,14100,14317,14757,15260,15788,16109,16247,16349,16458,16800,17282,17709,18326,18938,19207,19504,20001,20221,20876,21232,21811,22253,22762
21,4,Benton,West Richland,1564,1576,1594,1749,2044,2473,2571,2674,2838,2970,3092,3229,3342,3545,3737,3751,3917,4024,4130,4279,4298,4606,4735,4868,4972
22,1,Chelan,Chelan County,25046,25563,26215,26848,27708,28485,28937,29646,30163,30712,30407,30664,30981,31370,31747,32410,33033,33682,34236,34562,35465,35534,35743,35938,36514
23,2,Chelan,Unincorporated Chelan County,11806,12182,12500,12896,13341,13725,13830,14146,14474,14671,14180,14350,14477,14663,14881,15176,15435,15816,16064,16297,16858,16849,16955,17080,17253
24,3,Chelan,Incorporated Chelan County,13240,13381,13715,13952,14367,14760,15107,15500,15689,16041,16227,16314,16504,16707,16866,17234,17598,17866,18172,18265,18607,18685,18788,18858,19261
25,4,Chelan,Cashmere,1057,1060,1067,1080,1115,1121,1136,1137,1140,1164,1174,1203,1206,1206,1215,1230,1230,1231,1239,1243,1179,1185,1174,1168,1166
26,4,Chelan,Chelan,1666,1699,1747,1781,1806,1832,1849,1913,1967,2050,2060,2069,2089,2124,2141,2180,2220,2260,2344,2377,2517,2535,2550,2558,2575
27,4,Chelan,Entiat,192,193,197,201,229,240,286,309,340,371,400,407,416,422,430,460,492,501,495,500,495,502,504,513,514
28,4,Chelan,Leavenworth,845,853,875,914,1023,1047,1078,1157,1165,1176,1107,1111,1127,1145,1170,1187,1194,1214,1247,1249,1241,1242,1242,1245,1245
29,4,Chelan,Wenatchee,9480,9576,9829,9976,10194,10520,10758,10984,11077,11280,11486,11524,11666,11810,11910,12177,12462,12660,12847,12896,13175,13221,13318,13374,13761
30,1,Clallam,Clallam County,25225,26047,26714,27339,28037,28595,29344,29880,30613,31119,30683,31033,31472,31931,32425,32982,33748,34408,34995,35341,35582,35767,35971,36135,36277
31,2,Clallam,Unincorporated Clallam County,14299,14821,15341,15770,16329,16766,17273,17701,18150,18546,18216,18520,18929,19288,19713,20169,20563,20912,21134,21354,21169,21290,21409,21529,21651
32,3,Clallam,Incorporated Clallam County,10926,11226,11373,11569,11708,11829,12071,12179,12463,12573,12467,12513,12543,12643,12712,12813,13185,13496,13861,13987,14413,14477,14562,14606,14626
33,4,Clallam,Forks,1139,1303,1319,1330,1343,1334,1343,1378,1401,1415,1361,1369,1365,1363,1367,1363,1386,1392,1447,1439,1374,1360,1385,1384,1393
34,4,Clallam,Port Angeles,7833,7864,7955,8016,8113,8213,8347,8399,8616,8650,8682,8683,8685,8734,8787,8828,8982,9013,9120,9173,9272,9301,9309,9322,9310
35,4,Clallam,Sequim,1954,2059,2099,2223,2252,2282,2381,2402,2446,2508,2424,2461,2493,2546,2558,2622,2817,3091,3294,3375,3767,3816,3868,3900,3923
36,1,Clark,Clark County,92849,97862,100476,104151,108364,113665,118600,123785,129500,134063,134030,137382,142525,146815,151482,155762,160104,163299,166196,168118,167413,168416,169667,170752,172956
37,2,Clark,Unincorporated Clark County,64870,69278,71535,71357,73546,75333,78579,57925,60555,63115,60820,62411,64902,67250,69452,71808,74115,75047,76383,77118,75498,75908,76348,76911,77584
38,3,Clark,Incorporated Clark County,27979,28584,28941,32794,34818,38332,40021,65860,68945,70948,73210,74971,77623,79565,82030,83954,85989,88252,89813,91000,91915,92508,93319,93841,95372
39,4,Clark,Battle Ground,1376,1422,1464,1495,1647,1796,1965,2443,2951,3170,3209,3470,3871,4335,4844,5166,5435,5536,5791,5955,5952,6042,6084,6169,6404
40,4,Clark,Camas,2682,2719,2792,2865,2950,3168,3502,3782,4094,4335,4736,4910,5162,5393,5825,5869,6068,6199,6357,6426,7072,7182,7341,7415,7493
41,4,Clark,La Center,173,173,180,184,273,307,396,456,525,596,585,614,642,656,701,736,844,856,886,902,981,996,1061,1070,1079
42,4,Clark,Ridgefield,455,463,479,503,538,563,611,646,661,781,777,788,789,797,805,991,1229,1415,1519,1569,1695,1779,1857,1933,2138
43,4,Clark,Vancouver,21025,21491,21600,25245,26813,29740,30714,54988,57093,58324,60039,61233,63043,64028,65105,66143,66949,68495,69298,70033,70005,70249,70663,70882,71780
44,4,Clark,Washougal,2010,2051,2157,2191,2233,2377,2445,3159,3224,3315,3463,3549,3688,3931,4321,4606,4994,5243,5429,5582,5673,5717,5764,5820,5925
45,4,Clark,Woodland (part),51,53,53,64,69,69,60,57,57,58,57,58,58,56,55,59,62,50,56,57,53,53,53,53,53
46,4,Clark,Yacolt,207,212,216,247,295,312,328,329,340,369,344,349,370,369,374,384,408,458,477,476,484,490,496,499,500
47,1,Columbia,Columbia County,2046,2054,2057,2072,2084,2123,2154,2165,2191,2207,2018,2060,2074,2092,2103,2120,2143,2155,2170,2183,2136,2147,2150,2158,2156
48,2,Columbia,Unincorporated Columbia County,809,817,824,832,839,853,865,881,902,916,751,764,773,791,799,812,823,832,841,852,845,850,853,861,860
49,3,Columbia,Incorporated Columbia County,1237,1237,1233,1240,1245,1270,1289,1284,1289,1291,1267,1296,1301,1301,1304,1308,1320,1323,1329,1331,1291,1297,1297,1297,1296
50,4,Columbia,Dayton,1132,1132,1131,1138,1143,1150,1171,1167,1172,1174,1181,1210,1215,1215,1218,1221,1233,1236,1241,1243,1200,1206,1206,1206,1205
51,4,Columbia,Starbuck,105,105,102,102,102,120,118,117,117,117,86,86,86,86,86,87,87,87,88,88,91,91,91,91,91
52,1,Cowlitz,Cowlitz County,33270,33720,34282,34917,35575,36295,37071,37747,38378,39072,38624,39168,39674,40092,40548,41077,41735,42350,42826,43190,43450,43584,43691,43814,44002
53,2,Cowlitz,Unincorporated Cowlitz County,12730,13088,13426,13759,14181,14640,15122,15628,15878,16358,15217,15519,15805,16116,16433,16795,17169,17586,17778,18050,17943,17987,17970,18045,18166
54,3,Cowlitz,Incorporated Cowlitz County,20540,20632,20856,21158,21394,21655,21949,22119,22500,22714,23407,23649,23869,23976,24115,24282,24566,24764,25048,25140,25507,25597,25721,25769,25836
55,4,Cowlitz,Castle Rock,842,844,839,845,848,853,857,858,857,860,890,890,895,900,902,897,895,895,898,901,863,871,932,932,942
56,4,Cowlitz,Kalama,491,491,497,506,522,533,598,612,634,666,800,827,849,864,872,883,907,949,1133,1148,1070,1084,1089,1094,1111
57,4,Cowlitz,Kelso,4838,4839,4878,4882,4874,4898,4907,4929,4974,4912,5067,5044,5047,5048,5037,5063,5065,5083,5098,5109,5139,5140,5141,5146,5147
58,4,Cowlitz,Longview,13441,13501,13679,13921,14093,14233,14356,14367,14657,14839,15225,15426,15573,15630,15720,15761,15839,15877,15917,15951,16380,16426,16476,16498,16513
59,4,Cowlitz,Woodland (part),928,957,963,1004,1057,1138,1231,1353,1378,1437,1425,1462,1505,1534,1584,1678,1860,1960,2002,2031,2055,2076,2083,2099,2123
60,1,Douglas,Douglas County,10640,10831,11159,11435,11673,11926,12195,12429,12796,13042,12944,13075,13277,13493,13727,13992,14338,14700,15191,15544,16004,16098,16214,16299,16423
61,2,Douglas,Unincorporated Douglas County,7932,7651,7921,8143,8339,8133,8344,8489,8798,9002,8769,8878,8013,8199,8394,8623,7721,8027,8378,8641,8962,9041,9130,9203,9308
62,3,Douglas,Incorporated Douglas County,2708,3180,3238,3292,3334,3793,3851,3940,3998,4040,4175,4197,5264,5294,5333,5369,6617,6673,6813,6903,7042,7057,7084,7096,7115
63,4,Douglas,Bridgeport,611,616,649,677,694,702,698,702,710,722,762,769,769,768,766,770,768,771,766,781,745,743,748,751,759
64,4,Douglas,Coulee Dam (part),97,93,93,93,93,93,93,93,93,93,59,59,93,93,93,93,93,93,93,93,94,94,94,94,94
65,4,Douglas,East Wenatchee,1217,1678,1694,1709,1723,2132,2190,2278,2327,2346,2429,2439,3472,3501,3540,3567,4824,4866,5010,5084,5275,5289,5309,5316,5323
66,4,Douglas,Mansfield,170,172,172,171,172,173,174,175,176,177,168,170,169,169,169,169,169,169,171,170,169,169,171,172,172
67,4,Douglas,Rock Island,188,191,196,200,201,221,224,235,233,244,276,276,276,276,280,284,274,281,282,284,277,277,277,278,278
68,4,Douglas,Waterville,425,430,434,442,451,472,472,457,459,458,481,484,485,487,485,486,489,493,491,491,482,485,485,485,489
69,1,Ferry,Ferry County,3239,3293,3360,3428,3492,3610,3710,3789,3847,3887,3775,3835,3880,3914,3925,3969,4021,4071,4121,4168,4403,4419,4441,4462,4477
70,2,Ferry,Unincorporated Ferry County,2779,2854,2912,2974,3031,3132,3220,3296,3346,3391,3275,3317,3362,3393,3408,3449,3497,3540,3581,3623,3867,3878,3900,3921,3935
71,3,Ferry,Incorporated Ferry County,460,439,448,454,461,478,490,493,501,496,500,518,518,521,517,520,524,531,540,545,536,541,541,541,542
72,4,Ferry,Republic,460,439,448,454,461,478,490,493,501,496,500,518,518,521,517,520,524,531,540,545,536,541,541,541,542
73,1,Franklin,Franklin County,13664,13937,13985,14242,14578,14919,15209,15656,16003,16402,16084,16472,17085,17762,18731,20297,21441,22256,22902,23544,24423,25066,25634,26207,26610
74,2,Franklin,Unincorporated Franklin County,5104,5228,5347,5507,5568,5692,5790,5124,5090,5235,4628,4709,4539,4317,4417,4426,4513,4557,4625,4678,4477,4544,4612,4130,4183
75,3,Franklin,Incorporated Franklin County,8560,8709,8638,8735,9010,9227,9419,10532,10913,11167,11456,11763,12546,13445,14314,15871,16928,17699,18277,18866,19946,20522,21022,22077,22427
76,4,Franklin,Connell,675,688,681,695,763,772,780,829,840,846,891,894,924,936,937,938,938,941,950,972,922,931,938,953,955
77,4,Franklin,Kahlotus,90,94,101,92,109,110,109,109,106,102,113,114,114,114,115,117,117,118,116,118,114,113,114,110,109
78,4,Franklin,Mesa,97,96,104,102,103,106,111,117,118,118,111,116,117,118,117,117,117,117,117,119,128,128,130,130,130
79,4,Franklin,Pasco,7698,7831,7752,7846,8035,8239,8419,9477,9849,10101,10341,10639,11391,12277,13145,14699,15756,16523,17094,17657,18782,19350,19840,20884,21233
80,1,Garfield,Garfield County,1209,1212,1219,1217,1239,1246,1258,1263,1266,1271,1288,1292,1296,1296,1297,1303,1308,1311,1318,1326,1233,1231,1231,1232,1227
81,2,Garfield,Unincorporated Garfield County,513,515,516,515,518,524,531,537,537,542,548,550,554,556,557,561,566,568,575,583,510,510,511,512,508
82,3,Garfield,Incorporated Garfield County,696,697,703,702,721,722,727,726,729,729,740,742,742,740,740,742,742,743,743,743,723,721,720,720,719
83,4,Garfield,Pomeroy,696,697,703,702,721,722,727,726,729,729,740,742,742,740,740,742,742,743,743,743,723,721,720,720,719
84,1,Grant,Grant County,22807,23107,23848,24593,25483,26545,27532,28247,29120,29920,29081,29575,29965,30356,30947,31442,32111,32987,33928,34625,35083,35404,35735,36028,36292
85,2,Grant,Unincorporated Grant County,10888,11205,11644,12229,12778,13438,13854,14387,14879,15378,13930,14140,14302,14576,14917,15247,15688,16183,16547,16815,16687,16739,16856,16984,17088
86,3,Grant,Incorporated Grant County,11919,11902,12204,12364,12705,13107,13678,13860,14241,14542,15151,15435,15663,15780,16030,16195,16423,16804,17381,17810,18396,18665,18879,19044,19204
87,4,Grant,Coulee City,311,316,319,316,326,332,335,332,331,328,351,364,365,362,359,353,353,353,353,354,331,332,330,330,330
88,4,Grant,Coulee Dam (part),1,1,1,1,1,1,1,1,1,1,1,1,0,0,0,0,0,0,0,0,0,0,0,0,0
89,4,Grant,Electric City,410,412,412,409,414,419,421,421,422,430,420,437,442,443,442,444,448,453,456,456,524,537,541,540,533
90,4,Grant,Ephrata,2350,2366,2382,2394,2448,2514,2594,2622,2661,2682,2788,2818,2829,2848,2859,2887,2899,2929,2924,2942,3086,3105,3128,3167,3179
91,4,Grant,George,119,121,123,124,137,157,156,156,192,156,162,165,172,164,160,160,162,176,190,190,168,218,218,222,222
92,4,Grant,Grand Coulee,568,571,566,578,576,573,576,575,576,578,530,531,536,538,538,542,543,541,543,544,554,576,578,577,580
93,4,Grant,Hartline,92,92,92,92,90,89,89,89,88,88,77,77,77,78,79,80,80,79,79,79,87,87,87,87,87
94,4,Grant,Krupp,26,26,26,26,27,27,27,27,28,28,30,32,32,32,32,31,31,31,31,31,28,28,28,28,28
95,4,Grant,Mattawa,266,294,351,386,456,478,496,505,505,519,576,623,636,688,728,734,743,745,747,754,843,848,855,862,842
96,4,Grant,Moses Lake,4635,4662,4712,4787,4921,5125,5486,5556,5790,6086,6263,6372,6553,6612,6785,6855,6986,7284,7692,8038,8365,8495,8644,8732,8825
97,4,Grant,Quincy,1362,1369,1388,1393,1412,1436,1463,1480,1499,1507,1552,1593,1600,1605,1633,1638,1705,1723,1867,1940,2020,2044,2071,2090,2161
98,4,Grant,Royal City,327,205,336,349,365,366,374,384,401,394,504,505,505,505,505,532,533,539,542,515,494,497,499,506,511
99,4,Grant,Soap Lake,813,816,836,833,841,852,863,883,883,867,996,999,1001,1002,1006,1007,1009,1017,1023,1033,977,978,979,982,984
100,4,Grant,Warden,543,547,555,569,586,633,691,723,756,767,790,810,807,793,793,821,820,822,822,822,803,804,805,805,806
101,4,Grant,Wilson Creek,96,104,105,107,105,105,106,106,108,111,111,108,108,110,111,111,111,112,112,112,116,116,116,116,116
102,1,Grays Harbor,Grays Harbor County,29931,30098,30437,30766,31265,31627,32061,32455,32617,32901,32489,32698,32951,33187,33554,34057,34637,35051,35472,35734,35166,35261,35399,35516,35655
103,2,Grays Harbor,Unincorporated Grays Harbor County,11308,11472,11632,11660,11854,12020,12184,12376,12390,12536,12128,12241,12362,12494,12648,12801,13024,13237,13435,13562,12816,12862,12910,12964,13052
104,3,Grays Harbor,Incorporated Grays Harbor County,18623,18626,18805,19106,19411,19607,19877,20079,20227,20365,20361,20457,20589,20693,20906,21256,21613,21814,22037,22172,22350,22399,22489,22552,22603
105,4,Grays Harbor,Aberdeen,7570,7552,7580,7546,7602,7596,7606,7613,7609,7635,7536,7550,7577,7590,7611,7622,7641,7625,7653,7661,7338,7341,7342,7334,7323
106,4,Grays Harbor,Cosmopolis,578,578,578,579,580,627,637,645,647,658,681,680,679,684,690,694,711,722,727,727,714,713,712,714,713
107,4,Grays Harbor,Elma,1210,1202,1208,1212,1197,1225,1286,1286,1297,1289,1330,1329,1339,1340,1364,1412,1385,1393,1390,1393,1307,1308,1307,1312,1319
108,4,Grays Harbor,Hoquiam,3973,3951,3930,3949,3980,3979,3973,4027,4060,4062,4023,4001,4002,3990,3964,3960,3971,3963,3935,3922,3938,3910,3895,3883,3883
109,4,Grays Harbor,McCleary,594,594,604,603,606,608,611,615,618,623,595,592,586,586,586,592,631,646,652,657,759,764,764,769,769
110,4,Grays Harbor,Montesano,1238,1242,1245,1415,1434,1444,1460,1470,1457,1467,1408,1415,1430,1437,1453,1469,1540,1574,1595,1609,1684,1689,1701,1708,1711
111,4,Grays Harbor,Oakville,216,237,235,245,251,257,262,265,271,274,260,261,263,261,261,262,275,278,280,281,291,290,293,293,293
112,4,Grays Harbor,Ocean Shores,2101,2193,2331,2433,2590,2706,2801,2911,3028,3140,3170,3262,3344,3430,3553,3707,3907,4057,4229,4348,4758,4816,4901,4961,5013
113,4,Grays Harbor,Westport,1143,1077,1094,1124,1171,1165,1241,1247,1240,1217,1358,1367,1369,1375,1424,1538,1552,1556,1576,1574,1561,1568,1574,1578,1579
114,1,Island,Island County,25860,27168,28021,28792,29469,30383,31115,32028,32859,33655,32378,32932,33668,34328,35151,36057,36900,37691,38446,38822,40234,40435,40587,40700,40884
115,2,Island,Unincorporated Island County,18628,19629,20231,20772,21391,22172,22768,23336,23882,24511,23250,23685,24223,24762,25274,25851,26499,27153,27646,27899,29070,29172,29309,29386,29546
116,3,Island,Incorporated Island County,7232,7539,7790,8020,8078,8211,8347,8692,8977,9144,9128,9247,9445,9566,9877,10206,10401,10538,10800,10923,11164,11263,11278,11314,11338
117,4,Island,Coupeville,638,676,711,710,722,738,755,766,781,790,814,815,812,825,835,851,867,884,924,924,933,947,958,968,969
118,4,Island,Langley,421,427,451,467,482,506,516,545,557,555,542,548,575,580,596,603,607,611,625,640,678,687,693,698,703
119,4,Island,Oak Harbor,6173,6436,6628,6843,6874,6967,7076,7381,7639,7799,7772,7884,8058,8161,8446,8752,8927,9043,9251,9359,9553,9629,9627,9648,9666
120,1,Jefferson,Jefferson County,11014,11539,12155,12670,13172,13642,13980,14356,14644,15043,14144,14411,14690,14919,15177,15579,15914,16219,16506,16649,17767,17883,17966,18034,18147
121,2,Jefferson,Unincorporated Jefferson County,7734,8158,8574,8998,9409,9778,10107,10410,10677,10940,9894,10102,10349,10581,10821,11103,11397,11675,11912,12056,12574,12646,12709,12757,12839
122,3,Jefferson,Incorporated Jefferson County,3280,3381,3581,3672,3763,3864,3873,3946,3967,4103,4250,4309,4341,4338,4356,4476,4517,4544,4594,4593,5193,5237,5257,5277,5308
123,4,Jefferson,Port Townsend,3280,3381,3581,3672,3763,3864,3873,3946,3967,4103,4250,4309,4341,4338,4356,4476,4517,4544,4594,4593,5193,5237,5257,5277,5308
124,1,King,King County,647323,666040,675567,683987,692302,699287,705779,713753,725117,735503,742239,752799,763615,773301,783675,793869,802970,812679,821967,832337,851261,857354,862091,869835,880013
125,2,King,Unincorporated King County,192079,200069,203089,190380,189318,186267,160866,161643,152997,147489,129264,130254,130556,131484,134094,135468,137416,137488,126404,125732,125920,111370,99009,97014,94858
126,3,King,Incorporated King County,455244,465971,472478,493607,502984,513020,544913,552110,572120,588014,612975,622545,633059,641817,649581,658401,665554,675191,695563,706605,725341,745984,763082,772821,785155
127,4,King,Algona,620,665,702,718,735,747,771,784,795,798,878,895,904,938,968,979,985,990,998,1004,1018,1037,1037,1037,1037
128,4,King,Auburn (part),14156,14240,14479,14627,14872,14993,15285,15551,15889,16662,17664,17928,18193,18384,18446,18455,18472,18628,24078,24140,24688,24801,24887,25134,25417
129,4,King,Beaux Arts Village,119,114,115,115,115,115,115,116,116,119,124,125,125,124,124,124,125,128,127,127,118,118,120,117,118
130,4,King,Bellevue,37427,37893,38208,38755,43012,44355,44964,45300,46022,46742,48519,49322,51269,51472,51791,52121,52262,52655,53300,53777,55551,56095,56250,58540,58622
131,4,King,Black Diamond,579,613,620,638,652,704,809,824,1524,1578,1538,1556,1559,1569,1570,1577,1576,1588,1608,1615,1686,1689,1690,1691,1691
132,4,King,Bothell (part),5034,5371,5447,5475,5575,5661,5699,5866,6286,6299,6944,7026,7058,7155,7192,7289,7434,7506,7580,7608,7553,7595,7633,7683,10643
133,4,King,Burien,.,.,0,12486,12489,12517,12539,12544,12537,13540,13898,13904,13946,13951,13940,13924,13916,14003,14051,14091,14322,19862,19908,19950,20031
134,4,King,Carnation,452,460,466,497,520,540,555,592,619,637,650,658,658,659,659,659,658,658,659,660,665,662,665,665,661
135,4,King,Clyde Hill,1077,1081,1086,1089,1090,1092,1095,1099,1097,1102,1076,1080,1080,1068,1064,1070,1067,1067,1059,1064,1099,1099,1098,1097,1099
136,4,King,Covington,0,0,0,0,0,0,0,0,4203,4240,4473,4493,4686,5020,5324,5639,5810,5766,5821,5874,6081,6107,6153,6261,6368
137,4,King,Des Moines,7438,7532,7892,8308,9065,9104,9737,11434,11485,11727,11777,11896,11911,11923,11937,11946,11958,11945,11946,11995,12588,12590,12588,12602,12704
138,4,King,Duvall,979,1071,1108,1136,1163,1231,1299,1348,1466,1576,1646,1734,1858,1987,2054,2073,2116,2146,2179,2202,2315,2324,2394,2465,2527
139,4,King,Enumclaw (part),3031,3309,3801,3926,4078,4232,4277,4343,4383,4612,4456,4477,4499,4516,4541,4563,4592,4627,4655,4650,4683,4788,4836,4862,4856
140,4,King,Federal Way,28057,29801,30554,30659,30866,30924,31278,31664,32171,32369,32581,32884,32941,33121,33245,34553,34789,34998,35162,35329,35444,35468,35493,35556,35626
141,4,King,Hunts Point,206,204,205,205,203,201,201,199,197,209,186,191,191,190,193,194,192,190,189,186,181,178,179,179,181
142,4,King,Issaquah,3348,3547,3564,3641,3662,3937,3986,4161,4296,4415,5195,6341,6460,7716,8268,8837,9418,11481,12168,12442,13914,14018,14253,14684,14915
143,4,King,Kenmore,0,0,0,0,0,0,0,0,0,6767,7562,7623,7728,7801,7961,8066,8165,8256,8332,8456,8569,8689,8737,8787,8835
144,4,King,Kent,17484,18545,18681,19057,19416,20477,26385,27045,31028,31419,32488,33697,34464,34741,35198,35498,35637,35955,36045,36427,36424,45644,45891,46111,46333
145,4,King,Kirkland,18063,18417,18847,18959,19026,19254,19645,19773,20232,20633,21831,22251,22361,22609,22867,23047,23337,23720,24007,24245,24345,24474,37135,37221,37450
146,4,King,Lake Forest Park,1281,1283,1289,1292,1548,2936,4944,4957,5127,5256,5168,5179,5184,5187,5192,5219,5227,5224,5239,5239,5268,5272,5287,5303,5324
147,4,King,Maple Valley,0,0,0,0,0,0,0,0,4229,4433,4922,5064,5275,5539,6001,6374,6768,7065,7233,7358,7997,8105,8245,8406,8473
148,4,King,Medina,1172,1175,1179,1191,1194,1199,1209,1208,1207,1201,1165,1157,1167,1164,1169,1170,1166,1163,1162,1164,1162,1163,1171,1174,1184
149,4,King,Mercer Island,8321,8479,8533,8526,8519,8531,8659,8722,8791,8843,8806,8791,8804,8861,8952,8932,9016,9361,9346,9371,9930,9933,9926,9929,10096
150,4,King,Milton (part),273,272,281,293,301,305,307,321,329,353,330,330,332,332,332,340,340,339,340,342,357,359,361,361,478
151,4,King,Newcastle,.,.,.,.,0,3275,3339,3423,3476,3473,3117,3153,3319,3443,3575,3699,3793,3902,3984,4125,4227,4246,4275,4345,4401
152,4,King,Normandy Park,2628,2637,2697,2706,2708,2714,2825,2834,2839,2840,2670,2675,2679,2685,2775,2779,2783,2786,2781,2804,2838,2842,2844,2846,2852
153,4,King,North Bend,1097,1099,1104,1108,1184,1242,1291,1380,1540,1643,1889,1891,1891,1877,1890,1903,1906,1907,1903,1937,2348,2390,2403,2465,2543
154,4,King,Pacific (part),1815,1840,2022,2065,2105,2128,2157,2170,2174,2181,2025,2028,2044,2125,2157,2193,2216,2260,2321,2369,2377,2377,2380,2433,2449
155,4,King,Redmond,14972,15987,16175,16588,16760,17034,17390,17975,18509,19183,20248,20369,20660,21274,21770,22184,22615,22860,23144,23323,24177,24671,24831,24933,25549
156,4,King,Renton,19243,19896,20109,20365,20576,20981,21084,21380,21671,22607,22676,23338,24520,25287,25908,26580,27099,27762,35754,37741,38930,40006,40405,40806,41229
157,4,King,Sammamish,.,.,.,.,.,.,.,.,.,.,11599,11753,11953,12223,12947,13602,13815,13936,14037,14086,15736,16148,16305,16490,16762
158,4,King,SeaTac,10190,10260,10233,10286,10361,10355,10445,10530,10544,10509,10176,10135,10076,10108,10140,10307,10300,10346,10495,10392,10360,10404,10509,10505,10504
159,4,King,Seattle,249032,251679,254575,256728,258959,259864,260894,261979,264421,266127,270524,273623,277849,280883,282930,285532,288723,292231,295680,301623,308516,310735,312926,317641,323339
160,4,King,Shoreline,.,.,.,.,.,.,19153,19951,20061,20934,21338,21379,21441,21544,21641,21707,21656,21801,21907,22371,22787,22920,22956,23103,23290
161,4,King,Skykomish,159,159,157,156,161,167,158,175,172,159,162,162,162,163,162,163,162,162,160,160,168,166,167,166,165
162,4,King,Snoqualmie,637,637,634,636,637,637,658,664,676,820,656,1389,1715,1960,2363,2630,2897,3188,3456,3585,3761,3876,3997,4114,4227
163,4,King,Tukwila,5972,7319,7329,7328,7329,7446,7447,7468,7499,7521,7725,7747,7785,7840,7874,7878,7902,7929,7970,7983,7755,7726,7733,7740,7761
164,4,King,Woodinville,.,.,0,3662,3715,3726,3913,3925,4104,4081,3900,3907,3918,3983,4069,4208,4273,4274,4299,4353,4996,4997,5004,5006,5006
165,4,King,Yarrow Point,382,386,386,386,388,396,400,405,405,406,393,394,394,395,392,387,388,388,388,387,407,410,410,413,409
166,1,Kitsap,Kitsap County,74038,77806,80539,83575,85961,89009,90959,92874,94041,95305,92644,93708,95179,96564,97895,99414,101091,102872,104466,105226,107367,107357,107858,108449,109153
167,2,Kitsap,Unincorporated Kitsap County,52512,50437,52855,55452,57488,59460,60938,62397,63168,63928,61326,62076,63302,64346,65293,66347,67681,68927,69762,70369,70759,70906,71067,70886,71261
168,3,Kitsap,Incorporated Kitsap County,21526,27369,27684,28123,28473,29549,30021,30477,30873,31377,31318,31632,31877,32218,32602,33067,33410,33945,34704,34857,36608,36451,36791,37563,37892
169,4,Kitsap,Bainbridge Island,1596,7134,7296,7477,7621,7854,8005,8167,8319,8529,8517,8724,8877,9026,9232,9376,9544,9891,10034,10106,10584,10604,10624,10669,10735
170,4,Kitsap,Bremerton,15693,15840,15879,15932,16062,16490,16538,16636,16685,16803,16631,16626,16583,16614,16638,16701,16758,16812,17171,17170,17273,16915,17090,17240,17281
171,4,Kitsap,Port Orchard,2090,2100,2179,2355,2391,2635,2798,2952,3011,3182,3178,3215,3267,3300,3358,3440,3472,3516,3596,3609,4636,4780,4888,5375,5527
172,4,Kitsap,Poulsbo,2147,2295,2330,2359,2399,2570,2680,2722,2858,2863,2992,3067,3150,3278,3374,3550,3636,3726,3903,3972,4115,4152,4189,4279,4349
173,1,Kittitas,Kittitas County,13214,13500,13793,14168,14562,15092,15439,15809,16334,16995,16475,16766,16969,17332,17700,18085,18565,19190,19687,20010,21900,22096,22256,22440,22741
174,2,Kittitas,Unincorporated Kittitas County,6129,6344,6596,6827,7042,7310,7502,7693,7820,8072,7444,7654,7902,8168,8419,8743,9110,9594,10012,10292,11430,11560,11631,11742,11963
175,3,Kittitas,Incorporated Kittitas County,7085,7156,7197,7341,7520,7782,7937,8116,8514,8923,9031,9112,9067,9164,9281,9342,9455,9596,9675,9718,10470,10536,10625,10698,10778
176,4,Kittitas,Cle Elum,887,890,892,893,894,899,900,905,911,937,956,957,966,975,984,986,992,1024,1049,1050,1105,1106,1101,1102,1099
177,4,Kittitas,Ellensburg,5014,5072,5083,5191,5346,5530,5655,5811,6204,6576,6732,6777,6720,6789,6895,6949,7055,7148,7199,7232,7867,7909,8005,8080,8156
178,4,Kittitas,Kittitas,368,374,394,420,440,508,535,549,547,556,510,511,508,518,520,521,521,526,531,539,579,602,600,599,609
179,4,Kittitas,Roslyn,606,607,609,613,613,613,612,614,614,615,623,624,625,627,625,628,630,631,630,632,648,648,649,647,645
180,4,Kittitas,South Cle Elum,210,213,219,224,227,232,235,237,238,239,210,243,248,255,257,258,257,267,266,265,271,271,270,270,269
181,1,Klickitat,Klickitat County,7215,7321,7409,7564,7731,7948,8187,8412,8645,8876,8633,8772,8935,9120,9299,9478,9669,9827,9985,10091,9786,9888,9977,10060,10186
182,2,Klickitat,Unincorporated Klickitat County,4652,4758,4837,4979,5114,5302,5517,5709,5879,6068,5668,5807,5954,6126,6290,6456,6631,6810,6964,7070,6799,6887,6959,7029,7127
183,3,Klickitat,Incorporated Klickitat County,2563,2563,2572,2585,2617,2646,2670,2703,2766,2808,2965,2965,2981,2994,3009,3022,3038,3017,3021,3021,2987,3001,3018,3031,3059
184,4,Klickitat,Bingen,329,331,332,335,336,336,340,345,342,346,327,332,332,331,328,330,334,334,334,334,313,315,319,318,320
185,4,Klickitat,Goldendale,1418,1413,1425,1432,1456,1469,1484,1508,1566,1591,1690,1674,1683,1683,1698,1695,1700,1700,1702,1705,1635,1643,1646,1647,1652
186,4,Klickitat,White Salmon,816,819,815,818,825,841,846,850,858,871,948,959,966,980,983,997,1004,983,985,982,1039,1043,1053,1066,1087
187,1,Lewis,Lewis County,25487,25917,26396,26995,27643,28597,29436,30227,30880,31379,29585,30052,30453,30890,31374,31964,32583,33224,33865,34232,34050,34300,34439,34482,34709
188,2,Lewis,Unincorporated Lewis County,15454,15824,16171,16684,17194,17830,18477,18906,19387,19827,17755,18043,18368,18718,19110,19564,20075,20598,21017,21233,20768,20956,20989,21047,21181
189,3,Lewis,Incorporated Lewis County,10033,10093,10225,10311,10449,10767,10959,11321,11493,11552,11830,12009,12085,12172,12264,12400,12508,12626,12848,12999,13282,13344,13450,13435,13528
190,4,Lewis,Centralia,5234,5273,5340,5370,5431,5516,5595,5907,6019,6060,6510,6621,6666,6742,6824,6946,6960,7010,7049,7067,7265,7323,7405,7391,7453
191,4,Lewis,Chehalis,2694,2699,2726,2734,2755,2827,2864,2888,2898,2901,2871,2859,2864,2869,2861,2870,2891,2899,3056,3056,3131,3129,3152,3150,3161
192,4,Lewis,Morton,513,512,519,521,531,561,560,565,565,567,487,485,490,486,484,486,533,533,534,535,535,534,534,533,535
193,4,Lewis,Mossyrock,209,208,209,208,214,241,248,248,248,248,215,216,228,228,228,228,229,224,226,315,302,302,303,304,308
194,4,Lewis,Napavine,279,284,293,322,338,362,398,419,445,452,483,489,496,506,523,525,537,588,606,640,662,671,670,672,681
195,4,Lewis,Pe Ell,249,247,248,250,253,266,270,273,297,295,289,291,290,290,290,283,291,291,293,293,290,291,292,292,293
196,4,Lewis,Toledo,261,265,276,278,284,307,307,307,306,307,283,302,302,302,303,303,303,302,305,306,304,303,303,303,306
197,4,Lewis,Vader,179,183,182,188,197,207,213,204,206,210,230,235,238,239,238,245,249,250,253,256,258,258,258,257,258
198,4,Lewis,Winlock,415,422,432,440,446,480,504,510,509,512,462,511,511,510,513,514,515,529,526,531,535,533,533,533,533
199,1,Lincoln,Lincoln County,4607,4645,4664,4696,4773,4851,4925,5005,5121,5217,5298,5345,5389,5451,5505,5572,5660,5738,5827,5846,5776,5811,5838,5864,5909
200,2,Lincoln,Unincorporated Lincoln County,2003,2050,2078,2105,2160,2235,2300,2365,2444,2515,2599,2639,2687,2745,2808,2867,2945,3016,3094,3107,3103,3137,3167,3195,3242
201,3,Lincoln,Incorporated Lincoln County,2604,2595,2586,2591,2613,2616,2625,2640,2677,2702,2699,2706,2702,2706,2697,2705,2715,2722,2733,2739,2673,2674,2671,2669,2667
202,4,Lincoln,Almira,164,163,161,161,161,162,162,164,164,164,154,154,154,153,153,155,155,154,154,154,155,155,155,155,156
203,4,Lincoln,Creston,126,126,127,125,127,125,126,132,134,134,131,131,129,131,125,125,126,126,126,129,130,129,129,129,127
204,4,Lincoln,Davenport,710,709,708,717,731,729,740,745,748,751,763,763,766,767,770,771,776,776,778,783,750,750,748,748,749
205,4,Lincoln,Harrington,229,229,214,213,216,210,211,213,215,215,215,214,212,213,213,215,215,215,218,217,219,218,218,218,217
206,4,Lincoln,Odessa,483,479,479,481,483,487,478,480,477,479,472,470,470,470,469,470,470,472,478,478,460,460,459,459,459
207,4,Lincoln,Reardan,218,217,219,215,215,216,215,213,242,246,242,242,243,244,246,248,251,254,254,253,255,257,257,257,257
208,4,Lincoln,Sprague,213,212,215,213,214,218,223,224,225,229,242,249,246,246,241,241,241,243,242,242,236,236,236,236,235
209,4,Lincoln,Wilbur,461,460,463,466,466,469,470,469,472,484,480,483,482,482,480,480,481,482,483,483,468,469,469,467,467
210,1,Mason,Mason County,22292,23060,23743,24542,25391,26205,26910,27546,28150,28645,25515,25875,26281,26765,27332,27975,28798,29640,30306,30618,32518,32687,32810,32905,33078
211,2,Mason,Unincorporated Mason County,19246,19995,20638,21393,22217,23000,23670,24274,24856,25322,22112,22457,22850,23311,23839,24456,25237,26014,26663,26994,28671,28836,28956,29057,29234
212,3,Mason,Incorporated Mason County,3046,3065,3105,3149,3174,3205,3240,3272,3294,3323,3403,3418,3431,3454,3493,3519,3561,3626,3643,3624,3847,3851,3854,3848,3844
213,4,Mason,Shelton,3046,3065,3105,3149,3174,3205,3240,3272,3294,3323,3403,3418,3431,3454,3493,3519,3561,3626,3643,3624,3847,3851,3854,3848,3844
214,1,Okanogan,Okanogan County,16629,16779,17118,17422,17775,18291,18700,19079,19236,19419,19085,19300,19477,19685,19893,20133,20474,20571,20797,21112,22245,22258,22397,22501,22632
215,2,Okanogan,Unincorporated Okanogan County,10340,10494,10733,11010,11303,11651,11959,12243,12345,12470,12008,12201,12407,12621,12835,13055,13339,13364,13546,13799,14916,14907,15040,15117,15181
216,3,Okanogan,Incorporated Okanogan County,6289,6285,6385,6412,6472,6640,6741,6836,6891,6949,7077,7099,7070,7064,7058,7078,7135,7207,7251,7313,7329,7351,7357,7384,7451
217,4,Okanogan,Brewster,621,624,625,626,623,665,669,673,681,683,739,739,753,745,746,747,750,749,750,750,730,730,727,731,735
218,4,Okanogan,Conconully,137,137,138,133,137,124,124,159,145,143,192,194,126,126,126,129,130,132,146,148,189,195,194,196,199
219,4,Okanogan,Coulee Dam (part),443,443,443,444,444,447,446,448,451,450,439,439,441,440,440,440,441,441,441,441,440,440,441,442,444
220,4,Okanogan,Elmer City,134,134,134,134,134,134,134,134,134,134,127,128,129,129,129,129,140,140,139,139,112,112,111,110,112
221,4,Okanogan,Nespelem,80,96,95,98,101,94,100,101,100,101,84,83,83,83,83,81,83,83,83,83,77,77,77,77,77
222,4,Okanogan,Okanogan,978,981,989,983,1000,1005,1018,1019,1014,1006,997,1003,1002,1002,986,990,998,1002,1009,1022,1051,1048,1050,1070,1082
223,4,Okanogan,Omak,1769,1703,1777,1784,1816,1881,1917,1937,1943,2011,2016,2012,2037,2031,2034,2039,2045,2066,2071,2082,2168,2170,2167,2164,2167
224,4,Okanogan,Oroville,697,703,698,704,705,741,751,767,770,766,794,807,806,812,812,810,812,836,837,856,797,799,808,807,806
225,4,Okanogan,Pateros,257,258,258,261,263,263,266,266,268,278,279,278,278,269,268,269,274,273,274,277,276,276,276,276,276
226,4,Okanogan,Riverside,104,105,108,110,111,119,126,136,163,138,153,146,145,143,142,142,142,143,146,146,154,155,157,159,159
227,4,Okanogan,Tonasket,442,474,482,487,485,485,479,477,479,485,510,513,512,513,513,514,514,514,514,514,511,511,510,508,545
228,4,Okanogan,Twisp,421,426,433,437,440,466,490,493,514,513,505,512,512,522,527,534,545,546,546,546,524,528,531,534,535
229,4,Okanogan,Winthrop,206,201,205,211,213,216,221,226,229,241,242,245,246,249,252,254,261,282,295,309,300,310,308,310,314
230,1,Pacific,Pacific County,12404,12587,12852,13150,13482,13856,14184,14429,14741,14974,13991,14114,14200,14284,14430,14602,14882,14933,15101,15276,15547,15551,15604,15651,15714
231,2,Pacific,Unincorporated Pacific County,9030,9202,9429,9684,9957,10296,10541,10788,11076,11301,10159,10188,10258,10338,10473,10614,10869,10909,11050,11204,11357,11357,11409,11445,11501
232,3,Pacific,Incorporated Pacific County,3374,3385,3423,3466,3525,3560,3643,3641,3665,3673,3832,3926,3942,3946,3957,3988,4013,4024,4051,4072,4190,4194,4195,4206,4213
233,4,Pacific,Ilwaco,420,425,460,462,464,467,466,468,466,471,524,525,525,526,526,534,534,550,566,572,567,568,568,569,572
234,4,Pacific,Long Beach,970,976,995,1021,1065,1079,1118,1104,1118,1149,1155,1223,1223,1230,1234,1269,1293,1313,1342,1357,1564,1568,1574,1582,1584
235,4,Pacific,Raymond,1258,1256,1239,1243,1248,1254,1290,1297,1307,1279,1338,1358,1376,1380,1380,1382,1385,1360,1362,1366,1279,1280,1282,1285,1286
236,4,Pacific,South Bend,726,728,729,740,748,760,769,772,774,774,815,820,818,810,817,803,801,801,781,777,780,778,771,770,771
237,1,Pend Oreille,Pend Oreille County,5404,5523,5604,5741,5887,6070,6227,6359,6499,6631,6608,6718,6809,6914,7003,7126,7233,7386,7516,7615,7936,7939,7992,8025,8063
238,2,Pend Oreille,Unincorporated Pend Oreille County,4127,4201,4294,4417,4550,4684,4826,4940,5042,5155,5160,5225,5313,5399,5488,5596,5700,5818,5948,6049,6335,6333,6384,6418,6453
239,3,Pend Oreille,Incorporated Pend Oreille County,1277,1322,1310,1324,1337,1386,1401,1419,1457,1476,1448,1493,1496,1515,1515,1530,1533,1568,1568,1566,1601,1606,1608,1607,1610
240,4,Pend Oreille,Cusick,92,92,93,93,93,92,91,94,91,95,106,105,106,106,106,107,104,109,103,98,101,102,102,101,101
241,4,Pend Oreille,Ione,219,219,201,205,210,215,218,220,215,217,239,235,233,236,236,239,240,240,240,242,237,236,237,237,237
242,4,Pend Oreille,Metaline,92,89,91,95,91,93,93,92,93,93,91,91,91,91,90,93,93,93,95,92,103,104,104,104,104
243,4,Pend Oreille,Metaline Falls,127,127,127,126,126,146,146,146,181,182,192,192,192,192,192,192,192,213,213,213,206,206,206,206,206
244,4,Pend Oreille,Newport,747,795,798,805,817,840,853,867,877,889,820,870,874,890,891,899,904,913,917,921,954,958,959,959,962
245,1,Pierce,Pierce County,228867,235609,241167,247761,254370,260690,265076,270667,276497,283192,277060,281803,287828,293055,299106,305071,312487,319373,323884,326768,325375,327308,329158,331861,335252
246,2,Pierce,Unincorporated Pierce County,125448,130856,134949,140151,145454,150553,110649,114415,117657,122385,115227,118074,121048,124226,128070,131723,135681,139067,141721,142780,140160,141204,142348,143422,145248
247,3,Pierce,Incorporated Pierce County,103419,104753,106218,107610,108916,110137,154427,156252,158840,160807,161833,163729,166780,168829,171036,173348,176806,180306,182163,183988,185215,186104,186810,188439,190004
248,4,Pierce,Auburn (part),0,0,.,.,.,.,.,.,.,.,70,248,501,612,1091,1745,2250,3002,3244,3268,3146,3201,3319,3730,3859
249,4,Pierce,Bonney Lake,2570,2697,2780,2909,3005,3100,3189,3257,3332,3414,3404,3529,4387,4584,4851,5073,5408,5612,5828,5966,6394,6444,6518,6595,6759
250,4,Pierce,Buckley,1136,1174,1210,1267,1302,1326,1340,1348,1355,1371,1472,1593,1629,1653,1659,1666,1675,1684,1690,1725,1669,1673,1682,1689,1699
251,4,Pierce,Carbonado,164,165,167,170,179,201,201,201,201,201,210,214,211,213,215,216,217,218,218,217,218,218,218,218,219
252,4,Pierce,DuPont,231,231,229,229,228,232,241,382,598,764,977,1164,1361,1549,1762,2201,2702,2999,3191,3332,3241,3352,3418,3536,3735
253,4,Pierce,Eatonville,573,603,612,640,647,660,690,738,795,814,805,816,827,851,875,937,954,944,943,956,1059,1067,1074,1076,1088
254,4,Pierce,Edgewood,.,.,.,.,.,.,3874,3899,3935,3936,3562,3617,3668,3696,3728,3741,3759,3783,3803,3811,3801,3805,3812,3824,3853
255,4,Pierce,Enumclaw (part),.,.,.,.,.,.,.,.,.,.,0,0,0,0,0,0,0,0,0,0,0,0,0,0,0
256,4,Pierce,Fife,2152,2152,2177,2179,2180,2180,2186,2204,2415,2497,2232,2257,2252,2288,2278,2274,2879,3572,3767,3810,3895,3921,3916,3926,3957
257,4,Pierce,Fircrest,2224,2231,2242,2245,2252,2273,2302,2526,2540,2548,2573,2582,2607,2616,2662,2700,2774,2788,2811,2816,2847,2853,2858,2862,2865
258,4,Pierce,Gig Harbor,1527,1562,1681,1704,1744,1830,1888,1900,2921,2906,3085,3091,3108,3143,3161,3212,3218,3224,3301,3491,3560,3614,3669,3853,4028
259,4,Pierce,Lakewood,.,.,.,.,.,.,26522,26576,26646,27001,25449,25446,25698,25911,25916,25950,26001,25958,25904,25873,26548,26617,26607,26620,26627
260,4,Pierce,Milton (part),1820,1823,1866,1911,1924,1928,1940,1981,2009,2088,2173,2186,2271,2288,2302,2326,2519,2534,2539,2537,2724,2727,2727,2819,2821
261,4,Pierce,Orting,746,762,796,787,797,888,1062,1205,1274,1367,1382,1405,1443,1545,1601,1732,1999,2175,2241,2267,2361,2372,2387,2429,2488
262,4,Pierce,Pacific (part),0,0,0,0,0,0,107,107,107,107,65,62,62,59,58,56,54,48,45,37,45,42,41,41,39
263,4,Pierce,Puyallup,9379,9703,10111,10373,10680,10912,11544,11892,12033,12493,13468,13981,14342,14849,14948,14977,15266,15590,15631,16295,16171,16310,16490,16649,16929
264,4,Pierce,Roy,105,139,145,141,136,148,141,140,146,146,114,146,299,299,302,302,305,304,307,307,326,327,329,329,329
265,4,Pierce,Ruston,317,317,320,321,321,327,335,337,339,338,355,356,356,359,360,361,359,363,365,370,430,430,432,435,439
266,4,Pierce,South Prairie,92,92,146,147,210,224,224,226,220,219,138,157,160,160,160,161,161,161,161,161,174,174,174,174,174
267,4,Pierce,Steilacoom,2371,2410,2444,2471,2504,2526,2532,2553,2566,2572,2674,2693,2699,2712,2737,2751,2764,2777,2795,2810,2793,2801,2805,2816,2826
268,4,Pierce,Sumner,2728,3119,3134,3188,3221,3254,3324,3409,3451,3577,3689,3724,3789,3804,3843,3894,3952,3957,3973,3979,4279,4280,4284,4294,4305
269,4,Pierce,Tacoma,75147,75435,76019,76788,77437,77974,78472,78907,79324,79723,81102,81496,82025,82440,83279,83685,84129,85057,85780,86289,85786,86096,86255,86699,87107
270,4,Pierce,University Place,.,.,.,.,.,.,12159,12303,12472,12564,12684,12807,12923,13037,13087,13220,13290,13382,13448,13495,13573,13605,13618,13648,13681
271,4,Pierce,Wilkeson,137,138,139,140,149,154,154,161,161,161,150,159,162,161,161,168,171,174,178,176,175,175,177,177,177
272,1,San Juan,San Juan County,6075,6588,6877,7291,7556,7815,7948,8099,8241,8592,9752,10050,10302,10493,10692,10915,11136,11323,11514,11679,13313,13403,13482,13576,13688
273,2,San Juan,Unincorporated San Juan County,5256,5698,5967,6327,6548,6781,6902,7017,7136,7484,8700,8982,9228,9413,9591,9791,9986,10157,10339,10489,12040,12115,12196,12267,12376
274,3,San Juan,Incorporated San Juan County,819,890,910,964,1008,1034,1046,1082,1105,1108,1052,1068,1074,1080,1101,1124,1150,1166,1175,1190,1273,1288,1286,1309,1312
275,4,San Juan,Friday Harbor,819,890,910,964,1008,1034,1046,1082,1105,1108,1052,1068,1074,1080,1101,1124,1150,1166,1175,1190,1273,1288,1286,1309,1312
276,1,Skagit,Skagit County,33580,35024,36066,37267,38445,39587,40572,41539,42319,43033,42681,43363,44239,45186,45955,46709,47703,48618,49454,49996,51473,51726,51901,52218,52505
277,2,Skagit,Unincorporated Skagit County,16197,16768,17281,17845,18390,18944,19507,19967,20335,20582,19502,19838,20191,20526,20832,21091,21487,21810,22113,22220,22798,22879,22906,22958,23058
278,3,Skagit,Incorporated Skagit County,17383,18256,18785,19422,20055,20643,21065,21572,21984,22451,23179,23525,24048,24660,25123,25618,26216,26808,27341,27776,28675,28847,28995,29260,29447
279,4,Skagit,Anacortes,4992,5150,5294,5378,5513,5618,5757,5938,6128,6332,6551,6672,6765,6876,6947,7028,7272,7418,7521,7585,7680,7728,7767,7829,7861
280,4,Skagit,Burlington,1816,1975,1990,1988,2197,2301,2330,2342,2373,2422,2531,2620,2822,2967,3044,3138,3263,3303,3344,3367,3419,3437,3438,3440,3440
281,4,Skagit,Concrete,313,304,303,303,310,310,344,344,349,344,335,336,336,341,344,349,362,367,367,364,376,375,375,378,384
282,4,Skagit,Hamilton,107,107,107,109,114,121,122,147,148,149,135,152,150,157,154,158,149,157,148,144,141,141,141,141,142
283,4,Skagit,La Conner,332,347,345,365,368,378,396,398,396,462,434,436,436,440,445,449,427,462,458,445,526,523,525,525,528
284,4,Skagit,Lyman,126,132,132,132,133,140,148,147,147,147,173,174,178,182,186,190,191,190,189,191,172,173,173,173,175
285,4,Skagit,Mount Vernon,7167,7641,7975,8352,8561,8798,8903,9142,9243,9297,9686,9776,9940,10136,10341,10476,10709,11003,11356,11701,12058,12137,12243,12436,12580
286,4,Skagit,Sedro-Woolley,2530,2600,2639,2795,2859,2977,3065,3114,3200,3298,3334,3359,3421,3561,3662,3830,3843,3908,3958,3979,4303,4333,4333,4338,4337
287,1,Skamania,Skamania County,3922,4128,4200,4286,4428,4548,4696,4832,4959,5112,4576,4645,4723,4809,4934,5062,5239,5326,5409,5460,5628,5662,5720,5747,5790
288,2,Skamania,Unincorporated Skamania County,3298,3497,3564,3646,3771,3887,4015,4138,4251,4354,3816,3880,3942,4006,4090,4182,4272,4310,4338,4391,4466,4484,4521,4545,4586
289,3,Skamania,Incorporated Skamania County,624,631,636,640,657,661,681,694,708,758,760,765,781,803,844,880,967,1016,1071,1069,1162,1178,1199,1202,1204
290,4,Skamania,North Bonneville,167,172,178,180,192,197,199,206,211,229,237,240,250,257,294,316,376,402,426,423,459,461,480,482,482
291,4,Skamania,Stevenson,457,459,458,460,465,464,482,488,497,529,523,525,531,546,550,564,591,614,645,646,703,717,719,720,722
292,1,Snohomish,Snohomish County,183935,193296,196704,201051,206180,211177,215622,220425,227181,234834,236205,241467,246812,251964,256654,261762,267697,273241,277565,280718,286659,288439,290700,293586,297623
293,2,Snohomish,Unincorporated Snohomish County,97573,100602,101683,99476,101955,104755,104878,107252,109128,114118,108986,109969,113103,115918,118812,121849,122087,122815,125242,126821,118025,119093,120564,122477,125507
294,3,Snohomish,Incorporated Snohomish County,86362,92694,95021,101575,104225,106422,110744,113173,118053,120716,127219,131498,133709,136046,137842,139913,145610,150426,152323,153897,168634,169346,170136,171109,172116
295,4,Snohomish,Arlington,1600,1720,1788,1867,1964,2135,2237,2395,2611,2888,4588,4982,5200,5487,5655,5762,5953,6476,6624,6655,6929,6931,6941,7053,7078
296,4,Snohomish,Bothell (part),112,113,113,4137,4429,4458,4483,4515,4769,5059,5321,5603,5779,5773,5811,5863,5973,6114,6228,6334,6702,6780,6817,6901,6907
297,4,Snohomish,Brier,1822,1839,1856,1899,1943,1956,1981,2006,2049,2064,2115,2135,2140,2145,2153,2161,2165,2165,2163,2166,2220,2226,2249,2306,2316
298,4,Snohomish,Darrington,450,457,467,473,479,490,501,517,538,538,505,569,590,600,610,621,638,643,648,653,644,644,644,645,645
299,4,Snohomish,Edmonds,12942,12958,12914,13018,13045,13167,15096,15126,16600,16657,17519,17521,17506,17614,17727,17873,18152,18231,18326,18419,18378,18396,18414,18505,18520
300,4,Snohomish,Everett,30799,33165,33788,34290,34789,35041,35885,36356,36815,37383,38512,40391,40923,41228,41560,41981,43304,43580,43895,44384,44609,44656,44873,45089,45284
301,4,Snohomish,Gold Bar,431,442,456,491,491,522,535,578,614,662,769,778,789,798,807,813,821,841,855,828,837,831,832,839,841
302,4,Snohomish,Granite Falls,445,478,522,573,589,599,670,732,801,822,873,944,1028,1090,1132,1150,1157,1198,1233,1257,1344,1348,1351,1352,1356
303,4,Snohomish,Index,102,102,102,102,102,102,102,102,99,99,100,101,101,100,100,100,101,102,100,100,116,117,117,117,117
304,4,Snohomish,Lake Stevens,1231,1352,1515,1604,1707,1750,1820,1868,2017,2129,2234,2335,2371,2420,2483,2502,3536,5009,5486,5611,10414,10470,10583,10712,10784
305,4,Snohomish,Lynnwood,11850,11974,12015,12236,12652,12775,12946,13556,13620,13686,13808,13877,13896,14149,14278,14482,14533,14629,14680,14713,14939,14947,14961,14967,14997
306,4,Snohomish,Marysville,4565,4844,5639,6264,6708,7211,7692,7928,8329,8703,9730,10392,10712,11004,11215,11464,12517,14228,14548,14824,22363,22649,22868,23064,23264
307,4,Snohomish,Mill Creek,3136,3395,3654,3795,3846,4022,4109,4252,4681,4825,4769,4981,5400,5727,6038,6265,7371,7442,7493,7729,7923,7991,8005,8051,8132
308,4,Snohomish,Monroe,1712,1973,2040,2119,2292,2493,2635,2841,3477,3744,4427,4543,4648,4753,4899,5067,5160,5239,5311,5339,5306,5326,5359,5357,5392
309,4,Snohomish,Mountlake Terrace,7854,8081,8119,8140,8156,8215,8218,8266,8313,8351,8217,8226,8291,8343,8375,8456,8480,8487,8540,8555,8602,8643,8684,8689,8883
310,4,Snohomish,Mukilteo,2810,5180,5290,5637,5794,5986,6169,6310,6700,6863,7146,7289,7377,7680,7731,7781,7876,8019,8040,8076,8547,8574,8590,8603,8641
311,4,Snohomish,Snohomish,2556,2597,2637,2750,2891,2993,3124,3156,3279,3304,3444,3478,3486,3549,3559,3641,3730,3747,3756,3807,3959,4013,4017,4019,4040
312,4,Snohomish,Stanwood,765,815,853,890,998,1149,1158,1214,1237,1407,1508,1538,1581,1635,1718,1885,1993,2098,2214,2256,2584,2586,2608,2620,2695
313,4,Snohomish,Sultan,859,884,928,960,1015,1019,1041,1108,1157,1184,1291,1469,1526,1564,1590,1621,1713,1739,1743,1746,1752,1752,1756,1756,1758
314,4,Snohomish,Woodway,321,325,325,330,335,339,342,347,347,348,343,346,365,387,401,425,437,439,440,445,466,466,467,464,466
315,1,Spokane,Spokane County,150105,152492,155413,158636,162466,166434,169857,173418,176073,178831,175005,176623,178813,181040,183390,186451,190393,193512,196219,198672,201434,202465,203920,205488,207420
316,2,Spokane,Unincorporated Spokane County,63288,64814,66867,69252,72118,74359,76838,79367,81030,83166,78875,80288,80203,46323,46825,47956,48628,49744,51149,52241,54157,54592,54262,54720,55577
317,3,Spokane,Incorporated Spokane County,86817,87678,88546,89384,90348,92075,93019,94051,95043,95665,96130,96335,98610,134717,136565,138495,141765,143768,145070,146431,147277,147873,149658,150768,151843
318,4,Spokane,Airway Heights,896,905,946,945,955,973,1046,1053,1086,1091,1095,1112,1121,1128,1126,1172,1260,1372,1468,1540,1727,1782,2687,2745,2724
319,4,Spokane,Cheney,2733,2758,2842,2850,2966,3022,3120,3124,3201,3204,3293,3344,3387,3439,3684,3859,3931,3962,3987,4172,4183,4320,4339,4442,4493
320,4,Spokane,Deer Park,949,957,997,1025,1072,1159,1193,1223,1249,1268,1210,1218,1225,1221,1221,1250,1280,1354,1393,1433,1532,1545,1557,1586,1618
321,4,Spokane,Fairfield,204,203,229,229,234,240,242,244,246,244,194,240,240,239,237,237,236,238,236,239,240,241,241,241,241
322,4,Spokane,Latah,82,83,82,83,84,87,87,87,89,89,89,90,88,88,88,88,87,89,89,89,91,91,91,91,91
323,4,Spokane,Liberty Lake,.,.,.,.,.,.,.,.,.,.,.,.,1741,1854,1973,2059,2360,2729,2864,3037,3344,3408,3475,3573,3837
324,4,Spokane,Medical Lake,1055,1101,1116,1132,1163,1196,1208,1254,1268,1277,1197,1232,1268,1317,1363,1431,1522,1597,1640,1667,1835,1841,1851,1860,1868
325,4,Spokane,Millwood,719,778,777,781,784,783,786,784,785,778,779,779,782,782,782,783,785,794,795,793,793,793,793,792,792
326,4,Spokane,Rockford,179,178,182,179,189,198,201,199,201,203,169,199,203,201,203,202,200,203,204,204,213,213,213,213,213
327,4,Spokane,Spangle,103,106,105,111,112,113,114,114,114,116,113,124,126,127,126,127,127,128,129,129,126,126,126,126,127
328,4,Spokane,Spokane,79851,80561,81222,82002,82741,84254,84972,85918,86755,87345,87941,87947,88378,88941,89551,90567,92360,93091,93753,94241,94291,94377,94901,95351,95757
329,4,Spokane,Spokane Valley,.,.,.,.,.,.,.,.,.,.,.,.,0,35329,36158,36667,37564,38159,38460,38835,38851,39083,39331,39693,40028
330,4,Spokane,Waverly,46,48,48,47,48,50,50,51,49,50,50,50,51,51,53,53,53,52,52,52,51,53,53,55,54
331,1,Stevens,Stevens County,14601,14855,15154,15557,16011,16632,17063,17430,17773,18127,17599,17829,18040,18308,18591,18862,19234,19521,19876,20096,21156,21238,21301,21347,21491
332,2,Stevens,Unincorporated Stevens County,10929,11156,11424,11738,12111,12637,12996,13309,13613,13908,13334,13548,13778,14019,14279,14536,14866,15137,15426,15628,16557,16631,16688,16736,16861
333,3,Stevens,Incorporated Stevens County,3672,3699,3730,3819,3900,3995,4067,4121,4160,4219,4265,4281,4262,4289,4312,4326,4368,4384,4450,4468,4599,4607,4613,4611,4630
334,4,Stevens,Chewelah,911,918,931,989,1020,1032,1059,1076,1088,1110,1004,1011,1024,1044,1063,1066,1082,1099,1130,1133,1284,1285,1287,1288,1287
335,4,Stevens,Colville,1905,1913,1928,1934,1945,2006,2046,2062,2089,2122,2219,2221,2201,2205,2207,2211,2226,2224,2232,2236,2221,2229,2232,2230,2245
336,4,Stevens,Kettle Falls,529,541,545,568,598,617,626,637,640,643,686,701,690,691,694,701,713,715,730,736,726,727,728,725,727
337,4,Stevens,Marcus,59,61,64,66,66,66,67,68,66,66,68,71,71,73,72,72,72,74,76,78,82,82,82,82,83
338,4,Stevens,Northport,162,162,161,161,165,164,162,167,165,169,179,168,167,167,167,167,167,162,171,170,168,168,168,168,168
339,4,Stevens,Springdale,106,104,101,101,106,110,107,111,112,109,109,109,109,109,109,109,108,110,111,115,118,116,116,118,120
340,1,Thurston,Thurston County,66420,69495,71971,74281,76678,79050,81086,83147,85201,87596,86652,87723,89440,91209,93238,95910,98376,101293,104237,105694,108182,109195,110366,111809,113283
341,2,Thurston,Unincorporated Thurston County,36390,37999,39401,40801,41935,42955,43892,44947,45991,47175,45076,45919,47161,48556,50087,51887,53169,54153,54854,54586,55316,55689,56059,56336,56763
342,3,Thurston,Incorporated Thurston County,30030,31496,32570,33480,34743,36095,37194,38200,39210,40421,41576,41804,42279,42653,43151,44023,45207,47140,49383,51108,52866,53506,54307,55473,56520
343,4,Thurston,Bucoda,211,208,210,215,221,219,223,230,233,236,236,238,242,244,242,243,244,245,248,254,243,243,243,243,243
344,4,Thurston,Lacey,8081,8676,8998,9459,10220,10707,11161,11673,12006,12557,13160,13291,13453,13575,13765,14256,14886,16024,17408,17770,18493,18742,18994,19280,19488
345,4,Thurston,Olympia,15884,16486,16817,17148,17377,17719,18176,18521,18995,19452,19738,19746,19893,19987,20121,20257,20494,20896,21235,21340,22086,22277,22689,23237,23742
346,4,Thurston,Rainier,357,396,427,467,494,497,514,533,546,550,551,549,551,568,576,588,638,660,676,684,717,726,733,741,744
347,4,Thurston,Tenino,524,522,526,534,547,600,619,642,653,659,615,621,627,644,630,644,658,660,661,669,740,743,744,745,746
348,4,Thurston,Tumwater,4463,4688,5028,5091,5151,5519,5595,5649,5730,5837,5953,5978,6024,6024,6105,6173,6311,6515,6849,7961,8064,8184,8291,8464,8597
349,4,Thurston,Yelm,510,520,564,566,733,834,906,952,1047,1130,1323,1381,1489,1611,1712,1862,1976,2140,2306,2430,2523,2591,2613,2763,2960
350,1,Wahkiakum,Wahkiakum County,1496,1515,1531,1579,1626,1675,1727,1762,1795,1846,1792,1818,1836,1864,1895,1925,1969,2027,2081,2106,2067,2080,2092,2099,2116
351,2,Wahkiakum,Unincorporated Wahkiakum County,1268,1287,1303,1349,1395,1442,1492,1527,1561,1584,1514,1539,1558,1585,1615,1643,1683,1737,1780,1803,1771,1784,1796,1803,1819
352,3,Wahkiakum,Incorporated Wahkiakum County,228,228,228,230,231,233,235,235,234,262,278,279,278,279,280,282,286,290,301,303,296,296,296,296,297
353,4,Wahkiakum,Cathlamet,228,228,228,230,231,233,235,235,234,262,278,279,278,279,280,282,286,290,301,303,296,296,296,296,297
354,1,Walla Walla,Walla Walla County,19032,18971,19231,19484,19787,20173,20450,20913,21212,21394,21147,21267,21434,21664,21999,22541,22799,23032,23256,23442,23451,23530,23850,23996,24235
355,2,Walla Walla,Unincorporated Walla Walla County,5377,5439,5421,5594,5731,5875,6032,6135,6242,6322,5939,5995,6054,6146,5991,6136,6275,6418,6402,6501,6495,6541,6590,6675,6823
356,3,Walla Walla,Incorporated Walla Walla County,13655,13532,13810,13890,14056,14298,14418,14778,14970,15072,15208,15272,15380,15518,16008,16405,16524,16614,16854,16941,16956,16989,17260,17321,17412
357,4,Walla Walla,College Place,2432,2460,2485,2527,2616,2667,2730,2796,2872,2945,3134,3195,3234,3310,3462,3532,3601,3639,3680,3715,3764,3778,3802,3823,3852
358,4,Walla Walla,Prescott,123,123,123,123,133,133,148,158,158,158,152,151,152,152,152,152,152,155,155,154,156,158,158,158,158
359,4,Walla Walla,Waitsburg,448,451,453,450,453,467,476,495,496,500,522,527,531,530,538,542,546,550,545,550,522,521,521,522,523
360,4,Walla Walla,Walla Walla,10652,10498,10749,10790,10854,11031,11064,11329,11444,11469,11400,11399,11463,11526,11856,12179,12225,12270,12474,12522,12514,12532,12779,12818,12879
361,1,Whatcom,Whatcom County,55742,58171,60327,61951,64126,65921,67850,69207,70897,72348,73897,75621,77078,78706,80649,82494,84806,87100,88211,88929,90665,91219,91682,92363,93165
362,2,Whatcom,Unincorporated Whatcom County,27189,28706,29983,30522,31647,32414,32990,33473,33905,34576,34390,34980,35640,36333,37298,38280,39396,40252,40782,41052,40456,40676,40835,40977,41215
363,3,Whatcom,Incorporated Whatcom County,28553,29465,30344,31429,32479,33507,34860,35734,36992,37772,39507,40641,41438,42373,43351,44214,45410,46848,47429,47877,50209,50543,50847,51386,51950
364,4,Whatcom,Bellingham,22114,22566,23098,23845,24598,25208,26252,26728,27436,27913,29474,30394,30972,31607,32332,32747,33362,34405,34694,34782,36760,36915,36964,37239,37437
365,4,Whatcom,Blaine,1144,1283,1333,1409,1434,1532,1571,1720,1738,1738,1737,1769,1847,1895,1935,1981,2108,2192,2208,2246,2346,2363,2389,2400,2444
366,4,Whatcom,Everson,567,600,624,636,659,676,677,682,690,694,727,732,732,742,748,762,783,795,813,842,865,872,881,888,894
367,4,Whatcom,Ferndale,2057,2252,2375,2485,2542,2636,2690,2806,3050,3165,3292,3354,3384,3454,3529,3686,3942,4039,4166,4277,4428,4491,4603,4734,4925
368,4,Whatcom,Lynden,2167,2227,2359,2484,2623,2812,3011,3137,3407,3583,3592,3701,3801,3969,4096,4271,4392,4547,4657,4787,4812,4882,4979,5084,5195
369,4,Whatcom,Nooksack,182,205,231,242,257,272,280,286,287,290,300,302,303,304,307,326,338,362,367,407,457,464,469,481,489
370,4,Whatcom,Sumas,322,332,324,328,366,371,379,375,384,389,385,389,399,402,404,441,485,508,524,536,541,556,562,560,566
371,1,Whitman,Whitman County,14598,14612,14833,15021,15223,15535,15729,16137,16494,16743,16676,16746,17022,17177,17477,17699,18095,18566,18908,19037,19323,19367,19462,19574,19983
372,2,Whitman,Unincorporated Whitman County,2916,2939,2944,2928,2945,2959,2953,2970,2992,3007,2861,2859,2865,2881,2892,2907,2911,2923,2931,2946,2848,2845,2851,2865,2879
373,3,Whitman,Incorporated Whitman County,11682,11673,11889,12093,12278,12576,12776,13167,13502,13736,13815,13887,14157,14296,14585,14792,15184,15643,15977,16091,16475,16522,16611,16709,17104
374,4,Whitman,Albion,286,291,295,296,298,306,308,316,316,317,315,320,317,317,316,316,317,317,317,317,302,286,283,286,289
375,4,Whitman,Colfax,1283,1295,1301,1318,1327,1330,1342,1348,1350,1358,1357,1366,1369,1377,1389,1393,1393,1402,1407,1407,1405,1404,1404,1404,1399
376,4,Whitman,Colton,129,129,131,136,141,146,147,148,150,152,152,153,154,156,157,161,171,169,175,175,167,171,169,170,170
377,4,Whitman,Endicott,164,167,166,168,168,169,169,171,170,173,169,170,171,171,171,171,171,170,171,171,165,173,173,173,172
378,4,Whitman,Farmington,71,67,67,66,66,66,66,66,68,69,64,63,63,63,63,63,63,63,66,66,65,65,65,65,66
379,4,Whitman,Garfield,263,264,271,265,274,283,287,291,290,289,288,290,291,288,305,303,304,300,297,299,311,311,311,311,311
380,4,Whitman,LaCrosse,179,180,176,182,178,182,185,185,187,187,187,186,183,191,190,187,187,188,187,187,181,182,182,182,183
381,4,Whitman,Lamont,36,32,33,32,33,36,35,37,38,39,38,38,39,40,40,40,39,39,39,39,40,40,40,40,40
382,4,Whitman,Malden,107,106,106,107,112,115,118,118,118,117,108,108,109,109,109,110,111,111,111,111,118,118,118,118,118
383,4,Whitman,Oakesdale,195,190,196,198,201,201,205,209,211,206,194,194,195,195,193,195,195,195,195,195,196,196,197,197,197
384,4,Whitman,Palouse,428,427,433,437,455,463,463,463,460,469,471,472,472,472,471,473,472,483,485,474,474,479,484,485,488
385,4,Whitman,Pullman,7546,7542,7734,7871,7998,8239,8401,8754,9072,9276,9398,9449,9712,9834,10083,10282,10661,11101,11422,11550,11966,12006,12091,12184,12565
386,4,Whitman,Rosalia,260,257,258,265,261,266,269,271,278,278,272,281,281,280,279,279,279,279,280,280,270,272,272,272,272
387,4,Whitman,St. John,248,241,241,247,250,256,259,265,270,277,279,278,283,285,302,301,302,304,303,304,306,306,305,305,308
388,4,Whitman,Tekoa,355,355,355,372,377,380,382,380,380,384,363,362,361,361,360,359,360,362,362,362,360,360,362,355,357
389,4,Whitman,Uniontown,132,130,126,133,139,138,140,145,144,145,160,157,157,157,157,159,159,160,160,154,149,153,155,162,169
390,1,Yakima,Yakima County,70861,71619,72867,73920,75245,76643,77665,78564,79541,80832,79174,80194,80815,81564,82133,82752,83598,84477,85305,85894,85474,85911,86347,86885,87404
391,2,Yakima,Unincorporated Yakima County,32435,31704,32226,32834,33694,34287,33673,33977,34285,34514,32521,32541,30242,30774,31080,31294,30866,30777,30696,30951,29927,30084,30259,30367,30562
392,3,Yakima,Incorporated Yakima County,38426,39915,40641,41086,41551,42356,43992,44587,45256,46318,46653,47653,50573,50790,51053,51458,52732,53700,54609,54943,55547,55827,56088,56518,56842
393,4,Yakima,Grandview,2420,2492,2516,2527,2564,2631,2682,2699,2760,2810,2581,2594,2634,2653,2668,2708,2743,2821,2864,2875,3136,3145,3166,3166,3224
394,4,Yakima,Granger,595,629,640,634,637,649,644,658,661,662,609,618,645,670,687,701,704,720,745,744,813,818,821,831,882
395,4,Yakima,Harrah,128,132,131,138,138,139,139,151,153,164,176,183,183,183,186,185,186,186,184,181,180,180,183,184,184
396,4,Yakima,Mabton,396,391,391,392,425,428,427,434,438,446,463,466,467,506,509,509,512,515,518,517,548,548,552,552,552
397,4,Yakima,Moxee,308,312,317,327,341,359,366,371,376,389,307,312,318,324,343,509,674,750,873,916,1032,1066,1091,1139,1156
398,4,Yakima,Naches,280,284,290,290,288,288,292,299,300,300,279,303,301,308,310,316,314,325,349,353,346,349,350,351,355
399,4,Yakima,Selah,1930,1930,1937,1935,1969,2100,2133,2185,2233,2300,2408,2449,2469,2518,2566,2606,2642,2678,2735,2787,2759,2781,2812,2840,2852
400,4,Yakima,Sunnyside,3576,3598,3651,3654,3744,3759,3758,3821,3877,3922,4070,4110,4168,4201,4247,4293,4377,4450,4471,4519,4556,4590,4620,4640,4646
401,4,Yakima,Tieton,282,282,285,289,295,304,315,350,358,368,363,363,372,375,375,375,378,380,369,370,385,384,385,399,410
402,4,Yakima,Toppenish,2254,2269,2270,2296,2325,2346,2356,2380,2391,2401,2440,2450,2486,2476,2495,2496,2497,2529,2528,2510,2334,2332,2334,2334,2336
403,4,Yakima,Union Gap,1347,1339,1341,1353,1379,1412,2187,2195,2214,2222,2210,2225,2255,2254,2262,2266,2263,2265,2282,2314,2173,2172,2186,2193,2202
404,4,Yakima,Wapato,1204,1186,1186,1187,1194,1200,1226,1230,1245,1279,1267,1257,1258,1259,1259,1259,1258,1258,1263,1264,1293,1297,1297,1297,1297
405,4,Yakima,Yakima,22977,24335,24937,25276,25410,25872,26580,26911,27333,28130,28643,29378,32077,32108,32181,32246,33179,33810,34397,34538,34887,35047,35162,35432,35583
406,4,Yakima,Zillah,729,736,749,788,842,869,887,903,917,925,837,945,940,955,965,989,1005,1013,1031,1055,1105,1118,1129,1160,1163
407,1,State,State Total,2032306,2094364,2137340,2183157,2232681,2283423,2326713,2372128,2421026,2469772,2451081,2489178,2532547,2573955,2618352,2665844,2716779,2764620,2805852,2837604,2885677,2903940,2922803,2946308,2977351
408,2,State,Unincorporated State Total,928848,958437,983282,988579,1013563,1035268,985608,983985,993368,1011610,949162,963655,977035,961213,982549,1004267,1022539,1038603,1042087,1050826,1046633,1037602,1030591,1034140,1042201
409,3,State,Incorporated State Total,1103458,1135927,1154058,1194578,1219118,1248155,1341105,1388143,1427658,1458162,1501919,1525523,1555512,1612742,1635803,1661577,1694240,1726017,1763765,1786778,1839044,1866338,1892212,1912168,1935150
